originator,OML.aic,OML.ols,OML.sp,GML.aic,GML.ols,GML.sp,Competitive Suppression.aic,Competitive Suppression.ols,Competitive Suppression.sp,Direct Suppression.aic,Direct Suppression.ols,Direct Suppression.sp,Generalized Competitive Suppression.aic,Generalized Competitive Suppression.ols,Generalized Competitive Suppression.sp,Generalized Direct Suppression.aic,Generalized Direct Suppression.ols,Generalized Direct Suppression.sp,ROE Competitive Suppression.aic,ROE Competitive Suppression.ols,ROE Competitive Suppression.sp,ROE Direct Suppression.aic,ROE Direct Suppression.ols,ROE Direct Suppression.sp
OML,289.359447187214,-155.62012161407,-153.146006476524,342.037857974029,-184.162771458251,-155.448060383466,380.871650412749,-211.405143840981,-200.077924477981,320.258414493372,-171.253085957832,-168.606698498164,422.392017652598,-233.754482983999,-199.002479271922,359.857763220455,-208.352721974858,-167.752713187413,558.619303918395,-284.711637220952,-273.564899371289,522.351198008763,-395.136235750719,-183.239529694491
GML,318.252718731647,-168.656234692743,-165.65127911183,189.31780355359,-103.371378895728,-93.593130143727,340.595439634792,-183.621262343419,-179.976189725598,361.473358607594,-193.661886155015,-189.805693833417,319.415974689965,-179.597530341529,-159.092143930057,205.228708753002,-124.362159694326,-105.018080864936,516.135392903775,-256.825556913994,-251.635275355669,582.559119065799,-542.492147229786,-201.355987658762
Competitive Suppression,379.253498680592,-225.81134255578,-203.414566113704,405.470452741582,-246.707609124496,-201.138162832199,303.356075251885,-172.846726353279,-163.767888771359,424.050228687764,-242.268031117771,-228.028227343735,348.318594203838,-217.452663809358,-171.15509309719,425.070239236136,-259.729255365946,-209.292593550579,463.001933505389,-227.053706925846,-222.810642425448,613.194157074128,-449.347918334284,-252.670242443732
Direct Suppression,380.130406330638,-206.423265778849,-202.360302792114,418.483686618904,-304.963791766326,-203.23107853063,460.291255792269,-249.764786180816,-239.383403617813,367.426432797086,-198.370544755847,-194.538617033263,507.656649684412,-285.428364170609,-238.577728854445,409.569502580697,-255.585346367983,-196.540157138779,608.185678095608,-309.014870273139,-295.652728428593,489.742705464906,-257.821392149613,-201.093845253433
Generalized Competitive Suppression,401.102934795376,-219.180512966738,-209.117657722149,374.834219068078,-213.553123262219,-183.76467205383,334.340915712037,-178.106874124446,-174.219852950842,433.878033093983,-239.130150079566,-227.333755815608,321.768612678892,-197.782564944942,-161.16276647806,385.884760901164,-219.33241146491,-189.639958714173,471.947397149073,-235.696900249555,-228.82102980755,567.436211286823,-391.797148041151,-235.682453399367
Generalized Direct Suppression,324.25657802903,-176.705246589818,-169.906784331052,235.731818523812,-161.663502780003,-128.206971696638,369.191102622475,-198.979832240862,-194.531237567198,355.13121509851,-189.3721780626,-184.811906128346,354.147472096064,-197.238415109004,-180.633725963886,189.611236067792,-130.464273120071,-109.459213284426,534.624364443098,-265.78664614467,-261.239166156823,526.038460441432,-414.599413314212,-188.850735807844
ROE Competitive Suppression,565.8241491552,-306.964591185084,-295.614631755733,593.210761507866,-354.363569010406,-292.368396126679,515.493658579947,-279.655361758427,-269.382352301508,588.429441026741,-318.773114772747,-306.247659268241,563.806589644524,-316.305979355332,-274.65595672443,600.085218119581,-367.09656986795,-292.645741210385,572.640734941922,-270.083248638433,-259.578154022348,694.772705129346,-376.018592426962,-313.451624434219
ROE Direct Suppression,549.339666660484,-322.088039894773,-314.90181249388,599.54001514818,-343.661002445286,-311.875322929731,586.322300216363,-339.496607128922,-328.071689087254,539.652901138013,-315.703309030433,-307.459687066576,639.360870686291,-379.925474853461,-326.201692705313,589.985672306398,-341.076880402946,-302.310097225982,689.511588952805,-366.850330145329,-349.244540176757,646.20159674991,-360.494036059375,-312.307609157822
OML,271.152051770304,-145.418800869412,-143.040452453756,314.619526132446,-171.776966037874,-144.755479262517,362.810777983383,-197.313795174564,-195.719002306154,319.628704722436,-177.065532746039,-173.457955894328,404.833296361392,-247.048153555414,-194.489861509033,347.249890277055,-205.035815834087,-165.011931776314,560.363751801074,-284.233004516975,-275.344035481929,509.516301033558,-444.846471835618,-207.880157236355
GML,314.112683541997,-166.849410162076,-164.078445348318,236.127948848893,-160.193796231642,-127.61953468159,340.618106366281,-185.429042953131,-181.763766555234,357.61825882235,-188.822396328487,-186.743514116016,335.478581365225,-200.377801692126,-170.119851706351,242.077654630375,-161.372862469739,-128.983285441529,515.09881903026,-255.377548954505,-251.265443287995,554.515114318174,-423.167048650502,-200.357664264085
Competitive Suppression,376.660599405636,-201.66300535209,-199.752229446508,420.981175509482,-257.708118236902,-202.39648255954,327.167607500746,-184.678140239295,-180.383938732392,412.404501518462,-225.754674890546,-221.72566028075,384.619826855574,-235.538965115657,-186.120059495583,438.095938873423,-278.021352330006,-209.116292189257,489.522499233031,-254.154400822482,-240.902591283667,609.745246865315,-419.880037992196,-241.721771739539
Direct Suppression,341.384018763177,-185.104895144617,-180.505916713325,388.445550208379,-277.019356879297,-189.499921851986,431.574817617193,-238.208527695739,-227.605869765958,328.452270006114,-178.345757773934,-173.853715916307,479.182226822944,-276.226381718493,-231.989629146089,370.957257458093,-288.69062158083,-181.334524591232,588.919013924659,-297.763309717446,-290.251992262628,443.290634462503,-421.692969265774,-178.881307261169
Generalized Competitive Suppression,420.363535100405,-222.729188168864,-217.61968713782,375.263500755302,-214.928853421884,-187.104515615664,372.69619664476,-204.887349993187,-194.820655123439,448.720802146613,-236.395768952375,-233.248685041352,350.236966123797,-200.91029543899,-172.665365256556,381.083056286674,-221.403584247086,-191.102842698576,488.368418325336,-236.075561902123,-234.505945419428,598.117230826647,-398.112143325768,-242.9496764185
Generalized Direct Suppression,312.320711390131,-167.735627210923,-164.520728717002,227.947100250112,-139.047550776806,-114.869956900937,350.764532201965,-191.977596476465,-185.37771421278,347.019131080702,-181.988864359893,-181.111999015767,348.616865789927,-193.889477840836,-169.1416661872,204.554013559606,-121.826367825167,-105.728640275454,522.695564498155,-258.981165257476,-254.750755193376,537.00590731528,-400.484798825444,-192.127527874032
ROE Competitive Suppression,586.275539449138,-318.877897074473,-306.010434180238,636.781919538475,-357.255354317482,-309.779403768061,539.850543031488,-290.384862911592,-282.547213110148,601.225711983166,-327.338888962734,-314.06134126426,608.570501230713,-329.633346139432,-296.40615118463,637.305410709047,-359.094075887261,-310.037083499572,596.160771266776,-292.10125219196,-284.505341840309,683.635733103808,-351.411437152765,-320.630142846529
ROE Direct Suppression,541.240009367358,-348.911557837475,-316.336970157949,574.800966016225,-379.629875505898,-325.161013762777,589.694800605683,-343.58840849027,-331.060611959941,534.52933212116,-350.162999637468,-312.845619796551,650.294648740235,-391.664980859843,-341.386262421044,562.015447120904,-371.8202089744,-315.178131479689,694.427697858467,-360.29497600738,-354.054668717225,651.365138904815,-522.502467611759,-314.161302624089
OML,310.088475244027,-170.901583860295,-161.58842492093,365.184140576177,-207.893214374635,-163.245050925927,378.391278373528,-220.93176235929,-198.350664057998,341.733916572388,-192.540952061996,-179.471497379039,432.666871185843,-329.537591425292,-198.108769331163,378.392219484464,-222.07526121737,-175.718349203655,554.843015317482,-290.458557428443,-273.524532878878,580.698263224143,-486.306228672942,-198.806490264318
GML,295.116181407297,-157.545510767157,-155.894922936708,184.709429424842,-108.153372105569,-98.7914679081942,320.995864918525,-180.855289507472,-175.582663463928,351.915564011501,-185.966781964679,-182.364769647291,295.963298022929,-227.521120112479,-157.933837137982,208.254975121866,-133.505057468155,-110.661800517089,512.88851655273,-255.092944363005,-251.154076211857,607.741456396324,-443.81128311576,-197.479350244153
Competitive Suppression,375.508665948366,-208.257270836126,-199.309622439592,415.588404859155,-278.773684713389,-195.682385713368,324.371360656758,-173.941918320126,-172.007517190877,408.498447166462,-228.348682949847,-217.548719156819,381.2661052293,-229.375174167209,-179.629203761206,427.081380203405,-299.610778159986,-202.612693618257,492.227336842418,-247.937369777341,-241.265562902806,622.449117928955,-424.383419543682,-225.20432454912
Direct Suppression,340.289816871834,-192.580903780748,-178.586437522574,387.597825250121,-264.515176994349,-181.067491603905,408.381892413212,-234.510766542367,-214.257725848702,330.047053201909,-179.518651000583,-174.051704572593,461.054326375395,-292.241978568494,-215.900095900054,373.158521460732,-217.199553454114,-175.267141002968,569.228967220432,-299.900210422868,-280.549753526174,438.897394755152,-318.586635547459,-173.185076858257
Generalized Competitive Suppression,381.834827775257,-206.545273370675,-201.55966625834,325.984714060515,-218.656941926984,-165.29146395428,336.039048403366,-183.010918617385,-179.454360010283,425.4052409634,-232.06305367217,-226.168709294844,290.152152817045,-212.083775691469,-149.405990942696,342.116252134783,-193.956844651214,-178.190483719983,486.94772287598,-237.91737091954,-235.814915670618,622.740165076065,-511.392877577922,-253.213045502636
Generalized Direct Suppression,326.822036195316,-172.584796198531,-169.709789167245,229.113265564682,-151.421826534593,-119.483979345421,356.121750458252,-188.401083036341,-186.054622510655,362.796039121345,-189.544786295345,-186.502770207294,343.320189089024,-215.225461344964,-168.748182756496,183.607689360096,-121.245156470698,-98.5883916594133,523.48674139149,-259.854233501111,-254.742578678967,529.901506635748,-394.53206048384,-203.279307711486
ROE Competitive Suppression,577.98080798375,-318.718467877883,-302.755419986656,609.407084453251,-355.93746860662,-297.55491129888,533.599742584011,-302.762540724247,-281.010496608959,596.815793489631,-326.829750788991,-311.939261692017,572.413553790003,-337.762066642278,-278.71647492021,614.95508371401,-358.804885661296,-300.21448165336,588.37302263436,-290.051135186807,-285.25137621808,700.356994558142,-378.932135421569,-316.99481150696
ROE Direct Suppression,568.124184465287,-316.957378976492,-312.418753138621,627.198224038808,-372.262765228595,-313.866878439958,593.840670409327,-337.480863931991,-327.947907871416,562.469820528487,-310.859264558248,-304.572122983161,650.563064009707,-374.944314220495,-325.925736837967,624.987011201896,-379.447629899714,-309.323505215506,682.853678654174,-362.340845598287,-350.014740904869,647.905291729764,-339.581706307616,-308.106996031281
OML,302.180759014178,-167.209505513257,-160.505040655756,354.921174662214,-266.20724336463,-160.839906449749,389.860323213677,-223.115509187186,-208.407039741447,343.310689777254,-194.12953683909,-181.62638677729,445.913103934517,-283.97156021141,-207.055020126754,378.649691676739,-314.985148040568,-178.849359811031,569.360892756766,-290.83795335495,-280.477664430216,575.667171823646,-520.553122466538,-210.731466614751
GML,311.24067756827,-173.889458928108,-164.234225808671,193.362875162658,-108.868169419356,-98.7077111741949,325.502757367819,-179.862143802387,-174.355597406995,360.502685609662,-204.119110539693,-189.664018103553,311.324769896188,-183.220033617974,-154.437971899735,214.31329355018,-144.949546815286,-117.08693284135,520.376653610043,-262.185407028874,-253.309143029555,556.523895413333,-439.695158668387,-205.979991563225
Competitive Suppression,394.977897640511,-218.397695650132,-207.767647269458,434.920609821015,-308.999286997536,-205.345770613217,337.875684636338,-186.032139933826,-179.737854111871,433.796592363534,-239.441658346238,-230.787622659063,396.268023162887,-243.717256678115,-184.198846626462,451.132498318805,-269.27118657679,-215.116845346945,481.520052639434,-239.619525902478,-233.798871656944,623.728991472477,-461.086341126206,-256.348374149877
Direct Suppression,364.240914967022,-202.106804538549,-191.810311449991,420.852822623319,-269.214642377287,-194.704293918044,431.231744040163,-235.807758334777,-225.342114383573,346.608020894937,-194.774611721512,-184.141216790266,488.01843016886,-270.768591274995,-225.966418730851,405.687492703954,-253.240782332581,-187.58726341906,590.10092970685,-296.013300279172,-288.381723939115,481.516517611143,-242.127656971424,-193.425051395192
Generalized Competitive Suppression,404.929407092813,-233.639611212534,-216.485925893298,368.371423128658,-203.120242469775,-186.668611990519,311.332704280099,-181.277397320975,-169.181493244224,444.163782710514,-253.113369559392,-236.747459839866,276.106762340538,-175.242974675608,-140.16239223606,384.654775279128,-219.418585597899,-192.969252627375,433.854066285188,-214.96942739152,-211.642557539525,609.713342759826,-408.142405088978,-248.431523193535
Generalized Direct Suppression,316.085578786625,-170.746985169446,-165.906740884749,199.449664631581,-136.023006976155,-103.466852211003,347.238875295311,-187.675962498463,-184.058206373484,355.171180947554,-188.696845476922,-184.836462771897,322.382932194956,-194.091909387194,-159.886505021979,177.891072632358,-128.491565181052,-99.0647347662598,521.232110275973,-257.139169042165,-253.517871357662,561.518624684104,-468.480015132028,-197.951888625239
ROE Competitive Suppression,577.814225901466,-305.731747598209,-300.090840529413,596.709101426524,-368.322097628751,-293.497615320986,531.105200715896,-281.820767224028,-276.486794957664,594.825678625269,-314.60225605095,-309.581471817759,571.793481031142,-371.69108533627,-280.107216333405,594.584610871147,-338.916767379511,-293.719453234496,595.501590798702,-297.594312268963,-290.810128721055,696.383036942495,-374.127156624412,-316.825000707111
ROE Direct Suppression,582.012474226463,-335.167818609398,-334.523004148285,633.892400079932,-382.293037370126,-327.257189477535,612.024945168254,-362.887853826374,-345.85659439037,570.48236239854,-324.864225052232,-328.359952027422,669.573638055272,-404.3808774842,-342.386179489666,623.276078082845,-392.997042236887,-320.437430507698,706.550870053567,-392.643842406395,-365.637714632935,648.593852092289,-365.512651321002,-334.498916248413
OML,306.826941835417,-163.960633271859,-162.069184537636,356.332813016182,-221.821947710173,-168.104586557394,390.608813024481,-216.295448363846,-208.674815620327,347.239344460846,-184.165594528048,-181.570148810683,441.817651311558,-285.947867474482,-210.134053677167,385.898823210918,-258.762632158768,-180.778373746548,568.333646938277,-290.507497027542,-277.587694808112,563.670606578105,-457.216212201902,-195.554235413356
GML,323.466135016357,-178.959327346702,-169.417440374237,196.993690548113,-117.481769851549,-106.834565454862,345.609992361688,-187.423296847348,-181.60365594141,375.488013797967,-206.677532365758,-196.632908210875,318.440520343996,-181.964711259259,-154.924207771078,219.415981018187,-158.130293844469,-121.506758970735,518.401317867052,-254.382201555451,-252.111594181574,598.098756186106,-674.239929936915,-217.131785475835
Competitive Suppression,364.316751608296,-196.759036938868,-192.376927029921,382.656481056969,-218.229260906583,-178.715704992557,302.277400429712,-181.556472476609,-162.479083739023,404.49792658744,-218.237810082616,-213.208103708234,339.151565258775,-195.512932301365,-161.30114356161,403.364062936353,-242.726651784373,-190.105937252295,479.722326022565,-235.416496891059,-231.764357443761,625.393073797938,-414.037547993173,-226.657032939324
Direct Suppression,341.094230541342,-193.182994553104,-181.917844151846,384.215338702988,-267.501454993174,-185.145832319152,420.887837263598,-227.948259354463,-220.373210412099,329.404210518189,-213.271466545347,-178.016181455153,482.102722082303,-276.679701539562,-221.102033088216,374.783070473709,-277.697384717168,-182.110528602246,581.783819228872,-295.73908483039,-285.268445977255,466.21064735879,-365.833162733676,-181.930627078166
Generalized Competitive Suppression,398.992908816231,-210.140413081206,-208.434075230154,361.324331288191,-201.307454556867,-184.624149548905,327.983719434063,-180.82831050748,-175.401088302364,435.890738479838,-230.1399458186,-227.838007052203,307.086072717969,-181.630552213105,-158.821564768865,372.261763487701,-209.664117721001,-190.04244058886,463.64732091459,-227.414692232568,-223.90077559794,566.081103088365,-388.380632683076,-238.287240197839
Generalized Direct Suppression,334.78059768916,-181.051718161686,-175.832143963768,231.80989232229,-133.827990999466,-124.179956221137,355.958683308535,-193.673720606789,-188.107313026837,358.050959521667,-190.731831887843,-186.020807537764,331.06727777747,-221.862488752047,-166.881292964041,197.251434893554,-114.494262816918,-106.837110743969,527.302682290154,-260.191387626175,-256.546446010612,544.485335660739,-440.243141107049,-194.262392978231
ROE Competitive Suppression,564.275277291027,-298.495226380922,-291.907146896167,585.907277543812,-328.811407749102,-288.146252293316,514.420839547533,-276.481314858132,-268.465849459555,582.571132561927,-310.452755033802,-302.405011470753,548.870431704342,-295.720743988888,-268.124523982943,582.474331291022,-317.415960062301,-288.798444398305,582.49997215,-283.160518377596,-291.186364374471,689.532417106779,-373.491780038703,-309.468664693271
ROE Direct Suppression,584.577409580861,-334.992711173761,-323.230697405224,634.387624311648,-352.164660511807,-322.639694109194,612.412015438103,-354.976114219646,-332.808380099425,574.717818822938,-325.875943119395,-316.69245636374,660.917486174569,-366.175327985017,-331.89978902742,624.908027299285,-348.91781929103,-315.444295759888,703.747410315776,-375.973810519862,-353.603966193241,668.381382454335,-424.930827544491,-323.133007020563
OML,303.306941874947,-167.062323803963,-161.82628804386,358.23045821356,-208.003701355926,-163.283315351354,384.174665482869,-214.090325149875,-202.707915938897,345.239068109985,-198.464471392792,-183.124981720093,445.787581005924,-254.292533102183,-205.360668850752,373.332163960399,-209.948366677234,-176.4074543647,558.075320504957,-280.981128144464,-274.253006741509,578.12783256387,-540.007293424482,-199.604773953598
GML,311.409881671488,-166.808320828487,-163.600568177767,203.839177642193,-110.600600092796,-101.759363665755,327.645351593336,-179.200444764622,-175.057347785937,363.448047115995,-194.148674118106,-191.001030475071,313.499619178333,-160.222413957402,-151.579920491512,230.549239306038,-139.616399668045,-115.679522017582,511.925270339477,-251.89695281682,-249.040440360023,598.641475862845,-513.321834533607,-209.79275113115
Competitive Suppression,373.622588878792,-204.490699073602,-197.726669726778,404.629778200388,-287.24438910224,-192.291144744755,306.278884181078,-170.081288493182,-161.615630486901,412.432347296753,-224.388718303678,-219.393378665523,358.058206123152,-657.441178939272,-165.214581075704,419.97363666483,-306.16772202734,-201.054210049017,476.20788727328,-237.398657144616,-230.060973617262,601.111081126467,-432.961110829745,-230.494485796471
Direct Suppression,351.314487425911,-191.637443594178,-186.438942215865,413.641694633818,-365.054454502172,-192.035370190048,428.48806354811,-233.260092418943,-224.540143800118,329.024002103013,-182.38029685657,-177.679397016738,492.329049629677,-265.532166672404,-226.067840236393,396.656791068062,-250.200628810428,-183.34182915456,585.387361271184,-305.148825540087,-285.716585731386,419.460089493472,-220.487836711684,-189.667873305016
Generalized Competitive Suppression,396.340416742323,-215.467779951769,-210.754956554261,354.605679220427,-303.769583769638,-182.439750591069,320.018581250664,-176.702036236806,-169.96824468973,436.805577161847,-237.517965412836,-232.740697239472,284.812017796806,-279.10158095576,-147.787121804664,368.095642304522,-246.866590837283,-191.317943033196,456.158478048734,-227.071461022815,-221.353873326288,593.649588855383,-402.371757766695,-246.075695289681
Generalized Direct Suppression,339.553749830461,-178.711720771303,-177.028295856224,247.941154226267,-153.734021121272,-131.178601650162,370.695300530736,-198.121922371886,-195.503664697962,368.558305196114,-193.431613684805,-191.445689948771,359.94190606879,-194.383314649643,-178.663676816867,222.423297764319,-130.564998691396,-118.182065276011,537.614625896372,-265.491347492763,-261.236807756541,556.183414762449,-470.152166662197,-195.775994219445
ROE Competitive Suppression,582.068343947045,-320.367501176903,-308.473280927886,626.340979001776,-352.679783929509,-307.305036279928,534.924022250637,-285.750523691582,-281.249204450582,598.97163556437,-330.918878321158,-316.446767069014,601.998366983621,-323.631615198253,-292.724272444071,627.955195552928,-351.087708493427,-307.459576448189,597.651252827102,-281.458495746132,-279.843587306509,698.99123297695,-369.091285264648,-322.04719706163
ROE Direct Suppression,589.749292414964,-317.995598949329,-314.292812463359,631.333218646947,-374.020487611415,-324.875429345038,608.74341057376,-329.831651913826,-327.637560286077,578.837927736733,-309.958521724144,-305.586020897953,661.766335757642,-406.782560526676,-338.770820375942,620.059096281215,-361.45647848087,-316.235976196998,699.859676973689,-359.575126570097,-353.501767478274,664.725425918238,-368.361557328884,-308.290670919445
OML,283.706789398741,-160.31312585255,-155.316667264503,333.619906528745,-188.640932562065,-157.43059765886,388.902910923046,-216.652704437469,-204.994567623123,311.483993312116,-174.773062153266,-171.112665192532,447.372444553683,-232.650009410397,-206.61669699183,354.008212851653,-190.502624156189,-170.014622472363,562.568231790814,-282.244459005193,-276.03734495805,551.498961289379,-727.364283787794,-180.820963699568
GML,299.444760873252,-158.65570460936,-156.749189817579,143.45602824293,-92.1887143580565,-79.4006217989813,334.127232940797,-187.981432068116,-179.071101247151,354.348293059492,-190.616392848317,-187.436465255836,315.273650377961,-188.112727229835,-159.974169312703,175.338122080713,-138.009841220707,-104.660535288596,519.00943860705,-258.091662145172,-253.540742833019,584.069645038028,-560.0515780644,-209.565462848518
Competitive Suppression,380.856437100017,-212.501382961563,-203.43072803916,407.488200574101,-258.211884397881,-200.989373167966,322.301737147628,-175.833875339076,-170.19695260494,419.710043300963,-232.808917908454,-224.171606225717,366.240604253842,-235.991119751206,-172.018706311486,429.236881096052,-249.70826110458,-208.528080103676,484.343733854014,-238.689024888865,-233.418933275896,590.786283493658,-354.660320039316,-251.39166818008
Direct Suppression,386.920755809872,-220.676572527814,-208.675782816661,437.648533287142,-322.128949811917,-214.839328151723,438.294418065089,-245.773001763461,-238.3344577441,368.328874701595,-211.28828522067,-195.345412725618,491.456248190203,-291.534235487876,-243.128642367126,426.25341508809,-265.486250915592,-202.845235190531,589.914861385744,-302.262219360112,-294.748640355635,487.808812609399,-304.046832983606,-206.945337202613
Generalized Competitive Suppression,396.063125108671,-217.747379616786,-208.007156586123,360.725340988533,-210.819087405626,-183.948294728408,321.600206064352,-181.342218081167,-176.449681078078,438.156392872596,-250.059762848316,-230.62971656293,300.230843399918,-177.906128638634,-155.188638783002,374.995264598394,-245.056516820188,-190.901854585103,467.936754903825,-226.874665477924,-224.82090133798,598.472575640137,-432.662094732112,-255.151775301906
Generalized Direct Suppression,326.447773615447,-182.209498249679,-174.252021104668,250.936372636058,-153.336566229653,-131.233968988885,355.014013779695,-208.379419891512,-187.880005035186,356.568453491784,-188.204668339129,-186.207245657222,352.13480371154,-220.054135420332,-175.080592811937,201.437437807106,-124.256775702572,-107.22723069894,522.951272030248,-263.742620980611,-255.364018076696,518.696660302854,-436.852813602625,-200.35118004851
ROE Competitive Suppression,569.019630626373,-297.788553031471,-293.363329187691,603.048976566849,-340.258458839786,-291.239886378571,523.117912403727,-281.607953161511,-272.312783756271,588.228877190906,-307.825145571607,-303.650390290054,575.065847408108,-300.882243097548,-277.98649480815,607.579846941964,-400.309179496016,-292.537533844955,578.219288437973,-292.52543019318,-284.228171812277,716.37664717314,-373.403588466598,-310.687242212436
ROE Direct Suppression,569.300061581613,-309.486583410169,-308.70450619393,636.097618774575,-348.322067029242,-326.295693036741,602.763540981915,-333.94696715969,-328.946544468516,557.44569768159,-299.592054368637,-298.27452205957,670.252137563839,-366.619407193964,-338.377554073089,622.945824343912,-345.998524207527,-318.950981650297,700.568276710603,-358.81768505018,-356.250799733298,640.355241884062,-346.760935841098,-303.766863306699
OML,265.282989564118,-153.112550997443,-139.884735317866,316.396674040552,-225.899930110521,-141.499361265446,351.611784806939,-198.36349505871,-189.915464339385,300.563555017824,-174.072175523097,-159.869011137847,416.983375268306,-236.373228548876,-194.788259966823,332.267919464699,-238.38629164105,-156.20176221854,540.623639853048,-277.342947145372,-267.940410850243,455.318260604095,-386.054634390182,-177.166144395767
GML,311.889114825969,-174.628827307762,-167.721302612161,190.167873764695,-153.841396215405,-106.869608555735,339.646425710001,-193.860042881442,-182.273541112481,364.562006285415,-204.033059217503,-197.317279061133,325.811149459567,-208.14738518223,-166.308638101662,227.788578233824,-186.683241973624,-137.043911540758,512.640333396979,-253.453157263521,-250.402501542501,596.025553483528,-688.184613680369,-221.792457159408
Competitive Suppression,368.617310520622,-215.143023417093,-198.152045352963,414.389481940722,-259.434368609277,-189.132239337226,275.109944488227,-151.128553891794,-145.16051148407,407.925375235296,-242.780724452093,-222.654569950405,335.759422942252,-202.775298996935,-151.686998673007,430.03193656861,-276.47420601271,-199.592155182113,460.134620855062,-241.780910824577,-224.975749957921,592.133751877795,-458.513106257176,-242.932009203074
Direct Suppression,358.083850487378,-197.492448862126,-190.977990272689,386.082322476207,-217.270961138299,-187.548225878372,452.857329027301,-255.085877614188,-237.078908482756,329.318774241132,-186.448661352839,-175.66983779238,507.641080367226,-286.239646364401,-234.495071547629,376.058128953519,-208.678585128485,-176.606942292564,604.803547814141,-319.550237141683,-296.674667981981,431.01751838246,-302.613108197697,-190.987680634465
Generalized Competitive Suppression,389.126867071029,-206.335099575036,-203.33135919328,331.313861594564,-225.318601847763,-170.788433264518,298.456382133038,-165.778401227574,-160.190326245289,435.05658320015,-231.760999643197,-227.499773820881,245.204359612848,-162.380895542391,-130.217902265282,356.572950257915,-284.885810339499,-183.707740176269,454.480757746034,-224.679899572959,-220.082837432519,579.069920791895,-420.427929963435,-244.052362611465
Generalized Direct Suppression,306.598566988599,-167.494362033799,-160.23717242936,210.939550744432,-145.042500224658,-103.7192411079,338.218910290804,-187.170973150982,-178.687231581723,351.719358715218,-188.502540400947,-183.9347615982,331.240045852611,-183.544992917624,-160.276092901502,183.974355613352,-118.11029067324,-92.9434648620006,520.46928359337,-259.078719688858,-253.889719480283,572.739871489809,-469.453991969692,-205.862683183134
ROE Competitive Suppression,569.497272283026,-305.402995975161,-297.590380961413,601.785094169609,-334.695028635439,-296.065496188213,519.900223069122,-280.062966089201,-271.49457433011,584.763141078496,-311.086274034244,-305.098973482977,576.053129938712,-306.038309964613,-280.908789158843,604.702936028505,-334.254278995685,-296.822670976412,556.527911682136,-274.907367346392,-271.447526260806,672.033954759013,-341.843502828706,-309.666854215825
ROE Direct Suppression,599.98542629542,-326.663009144819,-324.755174766279,628.474039373703,-355.712147378328,-328.198230217658,626.876519797011,-350.219883572111,-339.88251337962,590.19027141659,-320.662801996211,-318.042977205927,655.076254066919,-383.439534397607,-338.51459517023,614.530334779576,-336.586537644873,-320.443412948253,717.00225416877,-377.666222705416,-364.663255051637,653.557080401766,-350.208994605917,-320.655065335127
OML,315.295575617723,-178.701873400457,-168.176662255098,368.162330580671,-246.276980479557,-168.479587235663,373.72216794836,-199.613881061978,-196.05906727327,350.785272337951,-197.076080260411,-185.924626342946,444.911688181794,-257.315931511486,-199.375230738163,378.182626549956,-263.759321740822,-177.819964738729,551.86393805556,-294.752206957779,-269.532940137439,565.214227498325,-381.558082588481,-203.970076392057
GML,292.110198708796,-165.021007594448,-155.901560945647,173.858722408423,-141.070794472846,-102.629048127691,323.742905731971,-187.404759610402,-172.949518303911,344.115274463067,-191.072060376438,-183.716791974842,304.589293188381,-174.49510268096,-157.298928190035,187.708097177042,-154.629046784185,-112.406380430434,512.298250986062,-251.756380786496,-248.973975210532,589.901213845284,-535.810493742969,-200.961064998313
Competitive Suppression,364.281372021531,-207.285183156169,-196.57812283846,401.13010235247,-228.098162565405,-194.275889380797,301.086816801533,-171.581715006546,-162.325625252591,406.31079240568,-243.016763971935,-216.517761089096,363.848974941187,-201.765180856039,-164.790364039356,423.264599119789,-259.722893795167,-201.337424299965,471.86827914411,-240.63765264905,-230.803546841573,604.081563254401,-378.199403559117,-234.687297798149
Direct Suppression,357.274970247538,-189.095446017587,-186.550236398525,395.972181001689,-235.181477950021,-190.525383139063,446.71938458393,-236.88538951753,-231.798772403511,337.37744481707,-183.504715685341,-177.676797254182,490.635454822324,-272.393272076614,-234.130967573523,396.453054621382,-257.720990374719,-185.319829030298,601.889874993321,-307.792304014836,-294.117858152505,414.090612857539,-285.989763318609,-186.806048810789
Generalized Competitive Suppression,416.291038714174,-224.032756332341,-216.080673006346,350.983481566075,-189.198168279706,-174.944864331762,364.743724894524,-241.078823405264,-190.919343459341,448.904118467798,-235.811177537559,-233.50360500376,313.330115832521,-198.728652228967,-162.474885517292,363.751070511904,-199.633507306227,-179.75902192599,486.451118471363,-230.768927649022,-228.402677819248,596.485001213666,-399.960155633475,-242.168536899225
Generalized Direct Suppression,309.882983658253,-169.566903548856,-164.096059798447,205.311116895789,-193.132077447531,-106.408963964011,347.928893037079,-193.430812657909,-184.165111231393,350.170190232829,-186.781841727933,-182.696939148075,330.572052671649,-198.417374697664,-163.788877752953,183.012341822103,-151.437461318563,-95.1053164505822,524.369732917124,-260.015679991175,-254.842337886819,572.97348628042,-431.313860423071,-195.218349979921
ROE Competitive Suppression,550.98419082519,-315.387063045385,-291.517483459605,597.974322462755,-439.845925501545,-288.942338402624,494.92805515431,-279.191839145034,-264.103178248998,572.122534719317,-325.39315992196,-301.313113364065,558.725441797432,-316.961463274042,-270.584285827841,601.438218717608,-367.642632073808,-289.872094972031,543.190668303515,-263.911278372461,-269.635812004555,682.484590870676,-370.396093779679,-307.024318171987
ROE Direct Suppression,567.127763402428,-326.196724224416,-322.273504494891,626.064778539267,-358.423113572416,-327.589704868015,595.683829713661,-346.271319870179,-338.484431233904,558.688496422013,-318.764344311333,-314.104169589541,659.537748649833,-377.618823246916,-338.700627331074,616.951836546214,-350.921782787462,-320.441040505034,693.341507597467,-366.786813268555,-359.419711325969,664.589837773131,-410.895767873649,-317.917538811981
OML,283.182363193256,-153.832832428441,-149.871444646909,347.645310420971,-224.976473287399,-156.643870255709,372.428372124751,-207.86560725528,-196.801403879348,308.639661384726,-166.026558136689,-162.62830189997,439.178600585662,-250.81648547875,-196.135471101501,346.144071252052,-194.568441206318,-163.052237790256,557.267259797035,-298.299688916117,-273.137755417366,507.664412976746,-451.198403999516,-167.668970360978
GML,316.977370141195,-177.526760674782,-167.404030390807,213.697091885025,-123.089859740117,-105.294359050817,340.49038755932,-187.086848009115,-179.893289971182,367.344714688335,-209.745222483717,-192.360702983906,333.507680010194,-174.612949983456,-158.264935294554,226.856344220775,-132.4190094225,-116.427128435534,517.995539696978,-253.589250503605,-250.893960043508,602.565741528676,-465.882080230423,-211.533283699766
Competitive Suppression,371.499055779548,-198.199132139113,-195.340024453607,404.966783083912,-246.481606357311,-193.368281745668,320.34866086774,-176.275067417294,-168.815800318025,408.093085257471,-220.448992952137,-216.78751819572,376.816936752706,-249.13290411956,-172.158512629673,420.304288407574,-251.317068645324,-201.878560135148,478.37546226898,-245.685410383332,-236.183286956253,584.535847280668,-387.416648579998,-231.948549767751
Direct Suppression,340.31632936332,-185.653654567735,-179.212439978707,404.983105685867,-219.457025282874,-190.783513144536,417.568263508623,-230.336338306706,-221.109847424527,340.262969930711,-182.711742563825,-180.331397899893,482.477126403215,-268.57783184363,-224.087935177442,398.265468582936,-226.596937918671,-192.664213458016,578.421719891872,-359.571570585945,-283.702917851014,512.053797772098,-422.891832812567,-178.072534777132
Generalized Competitive Suppression,400.09730933459,-209.936295261707,-208.104743459176,312.766022320439,-179.460903189213,-164.364539660987,341.553277176275,-186.645862601154,-183.148932345555,443.08256073435,-233.342176770144,-230.704333160537,287.705621171882,-301.685555346369,-145.998492430534,317.648402878683,-214.805813903208,-170.446956001263,475.098400216457,-233.252316343804,-230.369379705074,597.99469674354,-409.396298146646,-245.763406123223
Generalized Direct Suppression,340.264770358087,-184.755697324529,-175.499023409775,235.193060509608,-147.005154594133,-125.103026129478,356.878094202078,-199.902293174755,-190.525010491364,375.83311709668,-202.517329361347,-193.917358869039,346.568493245516,-200.978526734731,-172.315076729504,214.798341532243,-140.193790615737,-116.276987135943,528.355102053534,-258.387285460568,-256.301175918242,551.839199538244,-463.168786439559,-214.035853495312
ROE Competitive Suppression,578.257183589378,-318.323286592526,-301.745745865749,599.230300277699,-324.052528155373,-290.843324230594,530.592043282692,-288.395834728146,-277.100632484433,594.031967160262,-331.162214000731,-310.265983767302,574.691070323399,-299.207853336759,-278.074221335929,602.149112414063,-328.293786009738,-291.890314208862,598.08707370641,-286.415648005345,-281.525259575655,690.217393762019,-379.095771501543,-316.984752622161
ROE Direct Suppression,583.577053072935,-314.336971831572,-313.027347934012,636.197715407769,-355.658873636095,-322.176371678628,602.583688357134,-328.32713998949,-326.156256591094,574.975916697801,-308.45888197811,-307.153583020033,660.314848533462,-370.675000141103,-334.023554912402,627.553734958796,-347.24728059759,-315.879312093016,691.677623482654,-352.344300713756,-351.623176190839,665.521646620261,-345.25056670692,-308.09954816387
